{
 "variables": {
        "aws_access_key": "",
        "aws_secret_key": "",
        "aws_region": "",
        "subnet_id": "",
        "source_ami": "ami-9887c6e7",
        "ssh_username":"centos"},

    "builders": [
        {
            "type": "amazon-ebs",
            "access_key": "{{user `aws_access_key`}}",
            "secret_key": "{{user `aws_secret_key`}}",
            "region": "{{user `aws_region`}}",
            "instance_type": "t2.micro",
            "subnet_id": "{{user `subnet_id`}}",
            "source_ami": "{{user `source_ami`}}",
            "ssh_username": "{{user `ssh_username`}}",
            "ami_name": "csye6225_{{timestamp}}",
            "ami_description": "CentOs AMI for CSYE 6225 - Spring 2019",
            "launch_block_device_mappings": [
                {
                    "device_name": "/dev/sda1",
                    "volume_size": 30,
                    "volume_type": "gp2",
                    "delete_on_termination": true
                }
            ]
        }
    ],
    "provisioners": [
        {
            "type": "shell",
            "environment_vars": [
                "FOO=foo"
            ],
            "inline": [
 "sudo yum -y update",
"sudo yum -y install httpd",
"sudo systemctl enable httpd",
"sudo service httpd start",
"sudo service httpd status",
"sudo chkconfig httpd on",
"sudo yum -y install firewalld",
"sudo systemctl enable firewalld"




            ]
        }
    ]
}
